{"cameraMode":{"drawMode":0,"name":"Shaded","section":"Shading Mode"},"sceneLighting":true,"audioPlay":false,"sceneViewState":{"showFog":true,"showMaterialUpdate":true,"showSkybox":true,"showFlares":true,"showImageEffects":true,"showParticleSystems":true},"in2DMode":false,"pivot":{"x":-0.522120475769043,"y":1.154085636138916,"z":-1.5395193099975587},"rotation":{"x":0.21361640095710755,"y":-0.11836455762386322,"z":0.026083093136548997,"w":0.969369649887085},"size":5.531929016113281,"orthographic":false}