{"cameraMode":{"drawMode":0,"name":"Shaded","section":"Shading Mode"},"sceneLighting":true,"audioPlay":false,"sceneViewState":{"showFog":true,"showMaterialUpdate":false,"showSkybox":true,"showFlares":true,"showImageEffects":true,"showParticleSystems":true},"in2DMode":false,"pivot":{"x":-92.31338500976563,"y":-14.067440032958985,"z":-1.6205075979232789},"rotation":{"x":-0.05499991774559021,"y":0.6951090693473816,"z":-0.053496766835451129,"w":-0.7147982120513916},"size":98.28462219238281,"orthographic":false}