{"cameraMode":{"drawMode":0,"name":"Shaded","section":"Shading Mode"},"sceneLighting":true,"audioPlay":false,"sceneViewState":{"showFog":true,"showMaterialUpdate":false,"showSkybox":true,"showFlares":true,"showImageEffects":true,"showParticleSystems":true},"in2DMode":false,"pivot":{"x":-10.42775821685791,"y":0.864332914352417,"z":4.997145175933838},"rotation":{"x":-0.1582496166229248,"y":0.19993025064468385,"z":-0.032739412039518359,"w":-0.9663918614387512},"size":18.842363357543947,"orthographic":false}