{"cameraMode":{"drawMode":0,"name":"Shaded","section":"Shading Mode"},"sceneLighting":false,"audioPlay":false,"sceneViewState":{"showFog":true,"showMaterialUpdate":false,"showSkybox":false,"showFlares":true,"showImageEffects":true,"showParticleSystems":true},"in2DMode":false,"pivot":{"x":-8.88479995727539,"y":-3.0462076663970949,"z":-1.1326006650924683},"rotation":{"x":-0.11531595885753632,"y":0.7093981504440308,"z":-0.11943984776735306,"w":-0.6849749088287354},"size":12.199853897094727,"orthographic":false}