{"cameraMode":{"drawMode":0,"name":"Shaded","section":"Shading Mode"},"sceneLighting":true,"audioPlay":false,"sceneViewState":{"showFog":true,"showMaterialUpdate":false,"showSkybox":true,"showFlares":true,"showImageEffects":true,"showParticleSystems":true},"in2DMode":false,"pivot":{"x":22.687246322631837,"y":6.3918633460998539,"z":0.4227786660194397},"rotation":{"x":-0.09570538997650147,"y":0.6982161998748779,"z":-0.09505635499954224,"w":-0.7030639052391052},"size":5.630666255950928,"orthographic":false}