{"cameraMode":{"drawMode":0,"name":"Shaded","section":"Shading Mode"},"sceneLighting":true,"audioPlay":false,"sceneViewState":{"showFog":true,"showMaterialUpdate":true,"showSkybox":true,"showFlares":true,"showImageEffects":true,"showParticleSystems":true},"in2DMode":false,"pivot":{"x":-3.290071725845337,"y":-1.9914846420288087,"z":37.165714263916019},"rotation":{"x":0.06458871811628342,"y":0.011311216279864312,"z":-0.000752521853428334,"w":0.9978475570678711},"size":55.64713668823242,"orthographic":false}