{"cameraMode":{"drawMode":0,"name":"Shaded","section":"Shading Mode"},"sceneLighting":true,"audioPlay":false,"sceneViewState":{"showFog":true,"showMaterialUpdate":false,"showSkybox":true,"showFlares":true,"showImageEffects":true,"showParticleSystems":true},"in2DMode":false,"pivot":{"x":-96.52708435058594,"y":-9.336407661437989,"z":8.858810424804688},"rotation":{"x":-0.036455925554037097,"y":0.6800113916397095,"z":-0.033900804817676547,"w":-0.7315096259117127},"size":105.49990844726563,"orthographic":false}