{"cameraMode":{"drawMode":0,"name":"Shaded","section":"Shading Mode"},"sceneLighting":true,"audioPlay":false,"sceneViewState":{"showFog":true,"showMaterialUpdate":false,"showSkybox":true,"showFlares":true,"showImageEffects":true,"showParticleSystems":true},"in2DMode":false,"pivot":{"x":20.462093353271486,"y":6.887057304382324,"z":-1.3821192979812623},"rotation":{"x":0.027861924842000009,"y":0.7432864308357239,"z":0.03100568801164627,"w":-0.6676732897758484},"size":5.630666255950928,"orthographic":false}