{"cameraMode":{"drawMode":0,"name":"Shaded","section":"Shading Mode"},"sceneLighting":true,"audioPlay":false,"sceneViewState":{"showFog":true,"showMaterialUpdate":true,"showSkybox":true,"showFlares":true,"showImageEffects":true,"showParticleSystems":true},"in2DMode":false,"pivot":{"x":-0.9813555479049683,"y":-0.5045676231384277,"z":2.124359369277954},"rotation":{"x":0.04168963432312012,"y":-0.14403344690799714,"z":0.0060526905581355099,"w":0.9886757731437683},"size":5.839149475097656,"orthographic":false}