{"cameraMode":{"drawMode":0,"name":"Shaded","section":"Shading Mode"},"sceneLighting":true,"audioPlay":false,"sceneViewState":{"showFog":true,"showMaterialUpdate":false,"showSkybox":true,"showFlares":true,"showImageEffects":true,"showParticleSystems":true},"in2DMode":false,"pivot":{"x":-21.79336166381836,"y":-3.571094512939453,"z":7.733262538909912},"rotation":{"x":-0.033790770918130878,"y":0.713334858417511,"z":-0.03448797017335892,"w":-0.699158251285553},"size":39.546077728271487,"orthographic":false}