{"cameraMode":{"drawMode":0,"name":"Shaded","section":"Shading Mode"},"sceneLighting":true,"audioPlay":false,"sceneViewState":{"showFog":true,"showMaterialUpdate":false,"showSkybox":true,"showFlares":true,"showImageEffects":true,"showParticleSystems":true},"in2DMode":false,"pivot":{"x":-34.62057113647461,"y":0.4548068046569824,"z":-21.609846115112306},"rotation":{"x":-0.016757206991314889,"y":0.8325766921043396,"z":-0.02524075098335743,"w":-0.5530806183815002},"size":40.178497314453128,"orthographic":false}