{"cameraMode":{"drawMode":0,"name":"Shaded","section":"Shading Mode"},"sceneLighting":true,"audioPlay":false,"sceneViewState":{"showFog":true,"showMaterialUpdate":false,"showSkybox":true,"showFlares":true,"showImageEffects":true,"showParticleSystems":true},"in2DMode":false,"pivot":{"x":-166.0370635986328,"y":-86.53146362304688,"z":109.97342681884766},"rotation":{"x":-0.17819426953792573,"y":0.4565933346748352,"z":-0.09389863163232804,"w":-0.8665750622749329},"size":228.7496337890625,"orthographic":false}