{"cameraMode":{"drawMode":0,"name":"Shaded","section":"Shading Mode"},"sceneLighting":false,"audioPlay":false,"sceneViewState":{"showFog":true,"showMaterialUpdate":false,"showSkybox":false,"showFlares":true,"showImageEffects":true,"showParticleSystems":true},"in2DMode":false,"pivot":{"x":-0.1730032116174698,"y":0.47876083850860598,"z":0.4126245081424713},"rotation":{"x":-0.08738968521356583,"y":0.16992104053497315,"z":-0.01513788104057312,"w":-0.9814585447311401},"size":4.676345348358154,"orthographic":false}