{"cameraMode":{"drawMode":0,"name":"Shaded","section":"Shading Mode"},"sceneLighting":true,"audioPlay":false,"sceneViewState":{"showFog":true,"showMaterialUpdate":false,"showSkybox":true,"showFlares":true,"showImageEffects":true,"showParticleSystems":true},"in2DMode":false,"pivot":{"x":-131.78260803222657,"y":-71.8855972290039,"z":51.5999641418457},"rotation":{"x":-0.19135674834251405,"y":0.5507611632347107,"z":-0.13146688044071198,"w":-0.8017239570617676},"size":166.39236450195313,"orthographic":false}