{"cameraMode":{"drawMode":0,"name":"Shaded","section":"Shading Mode"},"sceneLighting":true,"audioPlay":false,"sceneViewState":{"showFog":true,"showMaterialUpdate":true,"showSkybox":true,"showFlares":true,"showImageEffects":true,"showParticleSystems":true},"in2DMode":false,"pivot":{"x":0.0166015625,"y":0.41712573170661929,"z":-0.19521497189998628},"rotation":{"x":-0.11524269729852677,"y":-0.0035778016317635776,"z":0.00041415097075514495,"w":-0.9933308959007263},"size":5.878118991851807,"orthographic":false}