{"cameraMode":{"drawMode":0,"name":"Shaded","section":"Shading Mode"},"sceneLighting":true,"audioPlay":false,"sceneViewState":{"showFog":true,"showMaterialUpdate":false,"showSkybox":true,"showFlares":true,"showImageEffects":true,"showParticleSystems":true},"in2DMode":false,"pivot":{"x":-36.43971633911133,"y":-81.20641326904297,"z":124.96089172363281},"rotation":{"x":-0.2717905342578888,"y":0.12840892374515534,"z":-0.03662832826375961,"w":-0.9530474543571472},"size":166.39236450195313,"orthographic":false}