{"cameraMode":{"drawMode":0,"name":"Shaded","section":"Shading Mode"},"sceneLighting":false,"audioPlay":false,"sceneViewState":{"showFog":false,"showMaterialUpdate":false,"showSkybox":false,"showFlares":false,"showImageEffects":true,"showParticleSystems":true},"in2DMode":false,"pivot":{"x":-3.7876334190368654,"y":-0.38817310333251955,"z":1.5695446729660035},"rotation":{"x":-0.305769145488739,"y":0.5568408966064453,"z":-0.23104959726333619,"w":-0.7369189262390137},"size":10.0,"orthographic":false}