{"cameraMode":{"drawMode":0,"name":"Shaded","section":"Shading Mode"},"sceneLighting":true,"audioPlay":false,"sceneViewState":{"showFog":true,"showMaterialUpdate":false,"showSkybox":true,"showFlares":true,"showImageEffects":true,"showParticleSystems":true},"in2DMode":false,"pivot":{"x":8.44876766204834,"y":-4.269418716430664,"z":-6.429896354675293},"rotation":{"x":-0.08858545869588852,"y":-0.8948287963867188,"z":0.20509551465511323,"w":-0.3864840269088745},"size":13.649473190307618,"orthographic":false}