{"cameraMode":{"drawMode":0,"name":"Shaded","section":"Shading Mode"},"sceneLighting":true,"audioPlay":false,"sceneViewState":{"showFog":true,"showMaterialUpdate":false,"showSkybox":true,"showFlares":true,"showImageEffects":true,"showParticleSystems":true},"in2DMode":false,"pivot":{"x":-0.06301956623792649,"y":0.1792122721672058,"z":-0.30298131704330447},"rotation":{"x":-0.007247286848723888,"y":-0.9880032539367676,"z":0.14629220962524415,"w":-0.04894644394516945},"size":4.192606449127197,"orthographic":false}