{"cameraMode":{"drawMode":0,"name":"Shaded","section":"Shading Mode"},"sceneLighting":true,"audioPlay":false,"sceneViewState":{"showFog":false,"showMaterialUpdate":false,"showSkybox":false,"showFlares":false,"showImageEffects":true,"showParticleSystems":true},"in2DMode":false,"pivot":{"x":1.845820426940918,"y":1.1717504262924195,"z":0.43224194645881655},"rotation":{"x":-0.10512546449899674,"y":0.6500399112701416,"z":-0.09147873520851135,"w":-0.7470129728317261},"size":2.493729591369629,"orthographic":false}